{
    "interactionModel": {
        "languageModel": {
            "invocationName": "remember this",
            "intents": [
                {
                    "name": "AMAZON.CancelIntent",
                    "samples": []
                },
                {
                    "name": "AMAZON.HelpIntent",
                    "samples": []
                },
                {
                    "name": "AMAZON.StopIntent",
                    "samples": []
                },
                {
                    "name": "AMAZON.YesIntent",
                    "samples": []
                },
                {
                    "name": "AMAZON.FallbackIntent",
                    "samples": []
                },
                {
                    "name": "AMAZON.NoIntent",
                    "samples": []
                },
                {
                    "name": "Unhandled",
                    "slots": [],
                    "samples": [
                        "what",
                        "is it ",
                        "how about ",
                        "could be "
                    ]
                }
            ],
            "types": []
        }
    }
}